,Product,Price,Ratings,Warranty,No of Ratings,No of Reviews,Features
0,APPLE Watch Series 3 GPS - MTF32HN/A 42 mm Space Grey Aluminium Case with Black Sport Band,"₹18,850",4.6,1 Year Warranty,"50,052"," 4,493","GPS and Altimeter,Swimproof,Voice Based Siri,3 Activity Rings Tracking - Move, Exercise, Stand,Smart Coaching,Activity Sharing and Achievements,Heart Rate Monitor,Breathe App,Notifications,Touchscreen,Notifier, Fitness & Outdoor"
1,APPLE Watch Series 3 GPS - MTF02HN/A 38 mm Space Grey Aluminium Case with Black Sport Band,"₹16,850",4.6,1 Year Warranty,"50,052"," 4,493","GPS and Altimeter,Swimproof,Voice Based Siri,3 Activity Rings Tracking - Move, Exercise, Stand,Smart Coaching,Activity Sharing and Achievements,Heart Rate Monitor,Breathe App,Notifications,Touchscreen,Notifier, Fitness & Outdoor"
2,APPLE Watch Series 3 GPS - MTEY2HN/A 38 mm Silver Aluminium Case with Fog Sport Band,"₹16,850",4.6,1 Year Warranty,"50,052"," 4,493","GPS and Altimeter,Swimproof,Voice Based Siri,3 Activity Rings Tracking - Move, Exercise, Stand,Smart Coaching,Activity Sharing and Achievements,Heart Rate Monitor,Breathe App,Notifications,Touchscreen,Notifier, Fitness & Outdoor"
3,APPLE Watch Series 3 MTF22HN/A 42 mm Silver Aluminum White Sport Band (GPS),"₹18,850",4.6,1 Year Warranty,"50,052"," 4,493","GPS and Altimeter,Swimproof,Voice Based Siri,3 Activity Rings Tracking - Move, Exercise, Stand,Smart Coaching,Activity Sharing and Achievements,Heart Rate Monitor,Breathe App,Notifications,Touchscreen,Notifier, Fitness & Outdoor"
4,APPLE Watch SE GPS MKQ03HN/A 40 mm Aluminium Case,"₹29,850",4.6,1 Year Manufacturer Warranty,"2,603", 229,"Large Retina OLED display,attend calls and reply to messages using the GPS model,use fitness app on your iphone to see your daily activity trends,track your workouts like swimming, cycling, dancing, jogging, running, yoga,get notified in case of irregular heart rhythms,It has a Swim Proof design,With Call Function,Touchscreen,Fitness & Outdoor"
5,APPLE Watch SE GPS + Cellular MKT33HN/A 44 mm Aluminium Case,"₹36,850",4.6,1 Year Manufacturer Warranty,"1,981", 154,"GPS + Cellular model lets you call, text and get directions without your phone,Large Retina OLED display,Up to 2x faster processor than Series 3,Track your daily activity on Apple Watch and see your trends in the Fitness app on iPhone,Measure workouts like running, walking, cycling, yoga, swimming and dance,Swimproof design| Store and stream music and podcasts,High and low heart rate notifications and irregular heart rhythm notification,With Call Function,Touchscreen,Fitness & Outdoor"
6,APPLE Watch Series 7 GPS MKN63HN/A 45 mm Aluminium Case,"₹44,850",4.5,1 Year Manufacturer Warranty,583, 51,"Attend calls and reply to messages using the GPS model,with the latest inbuilt sensor you can measure your level of blood oxygen,With an in-built ECG, you can track your heart movements,Always-On Display,5GHz Wi-Fi and U1 Ultra Wideband chip,use fitness app on your iphone to see your daily activity trends,Apple Watch Series 7,With Call Function,Touchscreen,Notifier, Fitness & Outdoor"
7,APPLE Watch Series 7 GPS MKN53HN/A 45 mm Aluminium Case,"₹44,850",4.5,1 Year Manufacturer Warranty,583, 51,"Attend calls and reply to messages using the GPS model,with the latest inbuilt sensor you can measure your level of blood oxygen,With an in-built ECG, you can track your heart movements,Always-On Display,5GHz Wi-Fi and U1 Ultra Wideband chip,use fitness app on your iphone to see your daily activity trends,Apple Watch Series 7,With Call Function,Touchscreen,Notifier, Fitness & Outdoor"
8,APPLE Watch Series 7 GPS MKMX3HN/A 41 mm Aluminium Case,"₹41,850",4.5,1 Year Manufacturer Warranty,583, 51,"Attend calls and reply to messages using the GPS model,with the latest inbuilt sensor you can measure your level of blood oxygen,With an in-built ECG, you can track your heart movements,Always-On Display,5GHz Wi-Fi and U1 Ultra Wideband chip,use fitness app on your iphone to see your daily activity trends,Apple Watch Series 7,With Call Function,Touchscreen,Notifier, Fitness & Outdoor"
9,APPLE Watch SE GPS + Cellular MKR23HN/A 40 mm Aluminium Case,"₹33,850",4.6,1 Year Manufacturer Warranty,"1,981", 154,"GPS + Cellular model lets you call, text and get directions without your phone,Large Retina OLED display,Up to 2x faster processor than Series 3,Track your daily activity on Apple Watch and see your trends in the Fitness app on iPhone,Measure workouts like running, walking, cycling, yoga, swimming and dance,Swimproof design| Store and stream music and podcasts,High and low heart rate notifications and irregular heart rhythm notification,With Call Function,Touchscreen,Fitness & Outdoor"
10,APPLE Apple Watch SE MYDR2HN/A 44 mm Gold Aluminium Case with Pink Sand Sport Band,"₹32,850",4.6,1 Year Manufacturer Warranty,"2,603", 229,"Large Retina OLED display,attend calls and reply to messages using the GPS model,use fitness app on your iphone to see your daily activity trends,track your workouts like swimming, cycling, dancing, jogging, running, yoga,get notified in case of irregular heart rhythms,It has a Swim Proof design,With Call Function,Touchscreen,Fitness & Outdoor"
11,"APPLE Watch Series 7 GPS + Cellular, MKJP3HN/A 45 mm Aluminium Case","₹53,850",4.6,1 Year Manufacturer Warranty,500, 44,"GPS + Cellular model lets you call, text and get directions without your phone,Measure your blood oxygen with an all-new sensor and app,Check your heart rhythm with the ECG app,The Always-On Retina display is 2.5x brighter outdoors when your wrist is down,S6 SiP is up to 20% faster than Series 5,5GHz Wi-Fi and U1 Ultra Wideband chip,Track your daily activity on Apple Watch and see your trends in the Fitness app on iPhone,With Call Function,Touchscreen,Watchphone, Notifier, Fitness & Outdoor"
12,APPLE Watch Series 7 GPS MKN93HN/A 45 mm Aluminium Case,"₹44,850",4.5,1 Year Manufacturer Warranty,583, 51,"Attend calls and reply to messages using the GPS model,with the latest inbuilt sensor you can measure your level of blood oxygen,With an in-built ECG, you can track your heart movements,Always-On Display,5GHz Wi-Fi and U1 Ultra Wideband chip,use fitness app on your iphone to see your daily activity trends,Apple Watch Series 7,With Call Function,Touchscreen,Notifier, Fitness & Outdoor"
13,APPLE Watch Series 7 GPS MKN03HN/A 41 mm Aluminium Case,"₹41,850",4.5,1 Year Manufacturer Warranty,583, 51,"Attend calls and reply to messages using the GPS model,with the latest inbuilt sensor you can measure your level of blood oxygen,With an in-built ECG, you can track your heart movements,Always-On Display,5GHz Wi-Fi and U1 Ultra Wideband chip,use fitness app on your iphone to see your daily activity trends,Apple Watch Series 7,With Call Function,Touchscreen,Notifier, Fitness & Outdoor"
14,"APPLE Watch Series 7 GPS + Cellular, MKJT3HN/A 45 mm Aluminium Case","₹53,850",4.6,1 Year Manufacturer Warranty,500, 44,"GPS + Cellular model lets you call, text and get directions without your phone,Measure your blood oxygen with an all-new sensor and app,Check your heart rhythm with the ECG app,The Always-On Retina display is 2.5x brighter outdoors when your wrist is down,S6 SiP is up to 20% faster than Series 5,5GHz Wi-Fi and U1 Ultra Wideband chip,Track your daily activity on Apple Watch and see your trends in the Fitness app on iPhone,With Call Function,Touchscreen,Watchphone, Notifier, Fitness & Outdoor"
15,APPLE Watch Series 7 GPS + Cellular MKHR3HN/A 41 mm Aluminium Case,"₹50,850",4.5,1 Year Manufacturer Warranty,84, 7,"GPS + Cellular model lets you call, text and get directions without your phone,Measure your blood oxygen with an all-new sensor and app,Check your heart rhythm with the ECG app,The Always-On Retina display is 2.5x brighter outdoors when your wrist is down,S6 SiP is up to 20% faster than Series 5,5GHz Wi-Fi and U1 Ultra Wideband chip,Track your daily activity on Apple Watch and see your trends in the Fitness app on iPhone,With Call Function,Touchscreen,Watchphone, Notifier, Fitness & Outdoor"
16,"APPLE Watch Series 7 GPS + Cellular, MKJX3HN/A 45 mm Stainless Steel Case","₹73,850",4.6,1 Year Manufacturer Warranty,500, 44,"GPS + Cellular model lets you call, text and get directions without your phone,Measure your blood oxygen with an all-new sensor and app,Check your heart rhythm with the ECG app,The Always-On Retina display is 2.5x brighter outdoors when your wrist is down,S6 SiP is up to 20% faster than Series 5,5GHz Wi-Fi and U1 Ultra Wideband chip,Track your daily activity on Apple Watch and see your trends in the Fitness app on iPhone,With Call Function,Touchscreen,Watchphone, Notifier, Fitness & Outdoor"
17,APPLE Watch SE GPS + Cellular MKQY3HN/A 40 mm Aluminium Case,"₹33,850",4.6,1 Year Manufacturer Warranty,"1,981", 154,"GPS + Cellular model lets you call, text and get directions without your phone,Large Retina OLED display,Up to 2x faster processor than Series 3,Track your daily activity on Apple Watch and see your trends in the Fitness app on iPhone,Measure workouts like running, walking, cycling, yoga, swimming and dance,Swimproof design| Store and stream music and podcasts,High and low heart rate notifications and irregular heart rhythm notification,With Call Function,Touchscreen,Fitness & Outdoor"
18,APPLE Watch SE GPS + Cellular MKT13HN/A 44 mm Aluminium Case,"₹36,850",4.6,1 Year Manufacturer Warranty,"1,981", 154,"GPS + Cellular model lets you call, text and get directions without your phone,Large Retina OLED display,Up to 2x faster processor than Series 3,Track your daily activity on Apple Watch and see your trends in the Fitness app on iPhone,Measure workouts like running, walking, cycling, yoga, swimming and dance,Swimproof design| Store and stream music and podcasts,High and low heart rate notifications and irregular heart rhythm notification,With Call Function,Touchscreen,Fitness & Outdoor"
19,"APPLE Watch Series 7 GPS + Cellular, MKJR3HN/A 45 mm Aluminium Case","₹53,850",4.6,1 Year Manufacturer Warranty,500, 44,"GPS + Cellular model lets you call, text and get directions without your phone,Measure your blood oxygen with an all-new sensor and app,Check your heart rhythm with the ECG app,The Always-On Retina display is 2.5x brighter outdoors when your wrist is down,S6 SiP is up to 20% faster than Series 5,5GHz Wi-Fi and U1 Ultra Wideband chip,Track your daily activity on Apple Watch and see your trends in the Fitness app on iPhone,With Call Function,Touchscreen,Watchphone, Notifier, Fitness & Outdoor"
20,APPLE Watch SE GPS MKQ63HN/A 44 mm Aluminium Case,"₹32,850",4.6,1 Year Manufacturer Warranty,"2,603", 229,"Large Retina OLED display,attend calls and reply to messages using the GPS model,use fitness app on your iphone to see your daily activity trends,track your workouts like swimming, cycling, dancing, jogging, running, yoga,get notified in case of irregular heart rhythms,It has a Swim Proof design,With Call Function,Touchscreen,Fitness & Outdoor"
21,APPLE Watch SE GPS + Cellular MKRY3HN/A 44 mm Aluminium Case,"₹36,850",4.6,1 Year Manufacturer Warranty,"1,981", 154,"GPS + Cellular model lets you call, text and get directions without your phone,Large Retina OLED display,Up to 2x faster processor than Series 3,Track your daily activity on Apple Watch and see your trends in the Fitness app on iPhone,Measure workouts like running, walking, cycling, yoga, swimming and dance,Swimproof design| Store and stream music and podcasts,High and low heart rate notifications and irregular heart rhythm notification,With Call Function,Touchscreen,Fitness & Outdoor"
22,APPLE Watch SE GPS MKNY3HN/A 40 mm Aluminium Case,"₹29,850",4.6,1 Year Manufacturer Warranty,"2,603", 229,"Large Retina OLED display,attend calls and reply to messages using the GPS model,use fitness app on your iphone to see your daily activity trends,track your workouts like swimming, cycling, dancing, jogging, running, yoga,get notified in case of irregular heart rhythms,It has a Swim Proof design,With Call Function,Touchscreen,Fitness & Outdoor"
23,APPLE Watch SE GPS MKQ13HN/A 40 mm Aluminium Case,"₹29,850",4.6,1 Year Manufacturer Warranty,"2,603", 229,"Large Retina OLED display,attend calls and reply to messages using the GPS model,use fitness app on your iphone to see your daily activity trends,track your workouts like swimming, cycling, dancing, jogging, running, yoga,get notified in case of irregular heart rhythms,It has a Swim Proof design,With Call Function,Touchscreen,Fitness & Outdoor"
24,APPLE Watch Series 3 GPS - MTF32HN/A 42 mm Space Grey Aluminium Case with Black Sport Band,"₹18,850",4.6,1 Year Warranty,"50,052"," 4,493","GPS and Altimeter,Swimproof,Voice Based Siri,3 Activity Rings Tracking - Move, Exercise, Stand,Smart Coaching,Activity Sharing and Achievements,Heart Rate Monitor,Breathe App,Notifications,Touchscreen,Notifier, Fitness & Outdoor"
25,APPLE Watch Series 3 GPS - MTF02HN/A 38 mm Space Grey Aluminium Case with Black Sport Band,"₹16,850",4.6,1 Year Warranty,"50,052"," 4,493","GPS and Altimeter,Swimproof,Voice Based Siri,3 Activity Rings Tracking - Move, Exercise, Stand,Smart Coaching,Activity Sharing and Achievements,Heart Rate Monitor,Breathe App,Notifications,Touchscreen,Notifier, Fitness & Outdoor"
26,APPLE Watch Series 3 GPS - MTEY2HN/A 38 mm Silver Aluminium Case with Fog Sport Band,"₹16,850",4.6,1 Year Warranty,"50,052"," 4,493","GPS and Altimeter,Swimproof,Voice Based Siri,3 Activity Rings Tracking - Move, Exercise, Stand,Smart Coaching,Activity Sharing and Achievements,Heart Rate Monitor,Breathe App,Notifications,Touchscreen,Notifier, Fitness & Outdoor"
27,APPLE Watch SE GPS MKQ03HN/A 40 mm Aluminium Case,"₹29,850",4.6,1 Year Manufacturer Warranty,"2,603", 229,"Large Retina OLED display,attend calls and reply to messages using the GPS model,use fitness app on your iphone to see your daily activity trends,track your workouts like swimming, cycling, dancing, jogging, running, yoga,get notified in case of irregular heart rhythms,It has a Swim Proof design,With Call Function,Touchscreen,Fitness & Outdoor"
28,APPLE Watch SE GPS + Cellular MKT33HN/A 44 mm Aluminium Case,"₹36,850",4.6,1 Year Manufacturer Warranty,"1,981", 154,"GPS + Cellular model lets you call, text and get directions without your phone,Large Retina OLED display,Up to 2x faster processor than Series 3,Track your daily activity on Apple Watch and see your trends in the Fitness app on iPhone,Measure workouts like running, walking, cycling, yoga, swimming and dance,Swimproof design| Store and stream music and podcasts,High and low heart rate notifications and irregular heart rhythm notification,With Call Function,Touchscreen,Fitness & Outdoor"
29,APPLE Watch SE GPS + Cellular MKR23HN/A 40 mm Aluminium Case,"₹33,850",4.6,1 Year Manufacturer Warranty,"1,981", 154,"GPS + Cellular model lets you call, text and get directions without your phone,Large Retina OLED display,Up to 2x faster processor than Series 3,Track your daily activity on Apple Watch and see your trends in the Fitness app on iPhone,Measure workouts like running, walking, cycling, yoga, swimming and dance,Swimproof design| Store and stream music and podcasts,High and low heart rate notifications and irregular heart rhythm notification,With Call Function,Touchscreen,Fitness & Outdoor"
30,APPLE Apple Watch SE MYDR2HN/A 44 mm Gold Aluminium Case with Pink Sand Sport Band,"₹32,850",4.6,1 Year Manufacturer Warranty,"2,603", 229,"Large Retina OLED display,attend calls and reply to messages using the GPS model,use fitness app on your iphone to see your daily activity trends,track your workouts like swimming, cycling, dancing, jogging, running, yoga,get notified in case of irregular heart rhythms,It has a Swim Proof design,With Call Function,Touchscreen,Fitness & Outdoor"
31,APPLE Watch Series 7 GPS MKMX3HN/A 41 mm Aluminium Case,"₹41,850",4.5,1 Year Manufacturer Warranty,583, 51,"Attend calls and reply to messages using the GPS model,with the latest inbuilt sensor you can measure your level of blood oxygen,With an in-built ECG, you can track your heart movements,Always-On Display,5GHz Wi-Fi and U1 Ultra Wideband chip,use fitness app on your iphone to see your daily activity trends,Apple Watch Series 7,With Call Function,Touchscreen,Notifier, Fitness & Outdoor"
32,APPLE Watch Series 7 GPS + Cellular MKHR3HN/A 41 mm Aluminium Case,"₹50,850",4.5,1 Year Manufacturer Warranty,84, 7,"GPS + Cellular model lets you call, text and get directions without your phone,Measure your blood oxygen with an all-new sensor and app,Check your heart rhythm with the ECG app,The Always-On Retina display is 2.5x brighter outdoors when your wrist is down,S6 SiP is up to 20% faster than Series 5,5GHz Wi-Fi and U1 Ultra Wideband chip,Track your daily activity on Apple Watch and see your trends in the Fitness app on iPhone,With Call Function,Touchscreen,Watchphone, Notifier, Fitness & Outdoor"
33,"APPLE Watch Series 7 GPS + Cellular, MKJX3HN/A 45 mm Stainless Steel Case","₹73,850",4.6,1 Year Manufacturer Warranty,500, 44,"GPS + Cellular model lets you call, text and get directions without your phone,Measure your blood oxygen with an all-new sensor and app,Check your heart rhythm with the ECG app,The Always-On Retina display is 2.5x brighter outdoors when your wrist is down,S6 SiP is up to 20% faster than Series 5,5GHz Wi-Fi and U1 Ultra Wideband chip,Track your daily activity on Apple Watch and see your trends in the Fitness app on iPhone,With Call Function,Touchscreen,Watchphone, Notifier, Fitness & Outdoor"
34,APPLE Watch Series 7 GPS MKN03HN/A 41 mm Aluminium Case,"₹41,850",4.5,1 Year Manufacturer Warranty,583, 51,"Attend calls and reply to messages using the GPS model,with the latest inbuilt sensor you can measure your level of blood oxygen,With an in-built ECG, you can track your heart movements,Always-On Display,5GHz Wi-Fi and U1 Ultra Wideband chip,use fitness app on your iphone to see your daily activity trends,Apple Watch Series 7,With Call Function,Touchscreen,Notifier, Fitness & Outdoor"
35,APPLE Watch SE GPS + Cellular MKT13HN/A 44 mm Aluminium Case,"₹36,850",4.6,1 Year Manufacturer Warranty,"1,981", 154,"GPS + Cellular model lets you call, text and get directions without your phone,Large Retina OLED display,Up to 2x faster processor than Series 3,Track your daily activity on Apple Watch and see your trends in the Fitness app on iPhone,Measure workouts like running, walking, cycling, yoga, swimming and dance,Swimproof design| Store and stream music and podcasts,High and low heart rate notifications and irregular heart rhythm notification,With Call Function,Touchscreen,Fitness & Outdoor"
36,APPLE Watch SE GPS + Cellular MKQY3HN/A 40 mm Aluminium Case,"₹33,850",4.6,1 Year Manufacturer Warranty,"1,981", 154,"GPS + Cellular model lets you call, text and get directions without your phone,Large Retina OLED display,Up to 2x faster processor than Series 3,Track your daily activity on Apple Watch and see your trends in the Fitness app on iPhone,Measure workouts like running, walking, cycling, yoga, swimming and dance,Swimproof design| Store and stream music and podcasts,High and low heart rate notifications and irregular heart rhythm notification,With Call Function,Touchscreen,Fitness & Outdoor"
37,"APPLE Watch Series 7 GPS + Cellular, MKJR3HN/A 45 mm Aluminium Case","₹53,850",4.6,1 Year Manufacturer Warranty,500, 44,"GPS + Cellular model lets you call, text and get directions without your phone,Measure your blood oxygen with an all-new sensor and app,Check your heart rhythm with the ECG app,The Always-On Retina display is 2.5x brighter outdoors when your wrist is down,S6 SiP is up to 20% faster than Series 5,5GHz Wi-Fi and U1 Ultra Wideband chip,Track your daily activity on Apple Watch and see your trends in the Fitness app on iPhone,With Call Function,Touchscreen,Watchphone, Notifier, Fitness & Outdoor"
38,APPLE Watch SE GPS MKQ63HN/A 44 mm Aluminium Case,"₹32,850",4.6,1 Year Manufacturer Warranty,"2,603", 229,"Large Retina OLED display,attend calls and reply to messages using the GPS model,use fitness app on your iphone to see your daily activity trends,track your workouts like swimming, cycling, dancing, jogging, running, yoga,get notified in case of irregular heart rhythms,It has a Swim Proof design,With Call Function,Touchscreen,Fitness & Outdoor"
39,APPLE Watch SE GPS MKQ13HN/A 40 mm Aluminium Case,"₹29,850",4.6,1 Year Manufacturer Warranty,"2,603", 229,"Large Retina OLED display,attend calls and reply to messages using the GPS model,use fitness app on your iphone to see your daily activity trends,track your workouts like swimming, cycling, dancing, jogging, running, yoga,get notified in case of irregular heart rhythms,It has a Swim Proof design,With Call Function,Touchscreen,Fitness & Outdoor"
40,APPLE Watch SE GPS + Cellular MKRY3HN/A 44 mm Aluminium Case,"₹36,850",4.6,1 Year Manufacturer Warranty,"1,981", 154,"GPS + Cellular model lets you call, text and get directions without your phone,Large Retina OLED display,Up to 2x faster processor than Series 3,Track your daily activity on Apple Watch and see your trends in the Fitness app on iPhone,Measure workouts like running, walking, cycling, yoga, swimming and dance,Swimproof design| Store and stream music and podcasts,High and low heart rate notifications and irregular heart rhythm notification,With Call Function,Touchscreen,Fitness & Outdoor"
41,APPLE Watch SE GPS MKNY3HN/A 40 mm Aluminium Case,"₹29,850",4.6,1 Year Manufacturer Warranty,"2,603", 229,"Large Retina OLED display,attend calls and reply to messages using the GPS model,use fitness app on your iphone to see your daily activity trends,track your workouts like swimming, cycling, dancing, jogging, running, yoga,get notified in case of irregular heart rhythms,It has a Swim Proof design,With Call Function,Touchscreen,Fitness & Outdoor"
42,APPLE Watch Series 7 GPS MKN93HN/A 45 mm Aluminium Case,"₹44,850",4.5,1 Year Manufacturer Warranty,583, 51,"Attend calls and reply to messages using the GPS model,with the latest inbuilt sensor you can measure your level of blood oxygen,With an in-built ECG, you can track your heart movements,Always-On Display,5GHz Wi-Fi and U1 Ultra Wideband chip,use fitness app on your iphone to see your daily activity trends,Apple Watch Series 7,With Call Function,Touchscreen,Notifier, Fitness & Outdoor"
43,"APPLE Watch Series 7 GPS + Cellular, MKJQ3HN/A 45 mm Aluminium Case","₹53,850",4.6,1 Year Manufacturer Warranty,500, 44,"GPS + Cellular model lets you call, text and get directions without your phone,Measure your blood oxygen with an all-new sensor and app,Check your heart rhythm with the ECG app,The Always-On Retina display is 2.5x brighter outdoors when your wrist is down,S6 SiP is up to 20% faster than Series 5,5GHz Wi-Fi and U1 Ultra Wideband chip,Track your daily activity on Apple Watch and see your trends in the Fitness app on iPhone,With Call Function,Touchscreen,Watchphone, Notifier, Fitness & Outdoor"
44,APPLE Apple Watch SE MYDQ2HN/A 44 mm Silver Aluminium Case with White Sport Band,"₹32,850",4.6,1 Year Manufacturer Warranty,"2,603", 229,"Large Retina OLED display,attend calls and reply to messages using the GPS model,use fitness app on your iphone to see your daily activity trends,track your workouts like swimming, cycling, dancing, jogging, running, yoga,get notified in case of irregular heart rhythms,It has a Swim Proof design,With Call Function,Touchscreen,Fitness & Outdoor"
45,APPLE Watch Series 6 GPS + Cellular 40 mm Silver Stainless Steel Case with Silver Milanese Loop,"₹69,850",4.6,1 Year Manufacturer Warranty,195, 15,"GPS + Cellular model lets you call, text and get directions without your phone,Measure your blood oxygen with an all-new sensor and app,Check your heart rhythm with the ECG app,The Always-On Retina display is 2.5x brighter outdoors when your wrist is down,S6 SiP is up to 20% faster than Series 5,5GHz Wi-Fi and U1 Ultra Wideband chip,Track your daily activity on Apple Watch and see your trends in the Fitness app on iPhone,With Call Function,Touchscreen,Fitness & Outdoor"
46,APPLE Watch Series 5 GPS + Cellular MWX32HN/A 40 mm Space Grey Aluminium Case with Black Sport Band,"₹49,850",4.5,1 Year Manufacturer Warranty,448, 41,"OLED Always-on Retina Display with Force Touch,Swimproof (5ATM) | Multiple Workout Tracker with Smart Coaching,Fall Detection, Digital Crown with Haptic Feedback, Music Control | GPS, GLONASS, Galileo and QZSS Support,Electrical and Optical Heart Rate Sensors, Barometric Altimeter, Accelerometer, Gyroscope, Ambient Light Sensor,With Call Function,Touchscreen,Fitness & Outdoor"
47,"APPLE Watch Series 7 GPS + Cellular, MKJU3HN/A 45 mm Aluminium Case","₹53,850",4.6,1 Year Manufacturer Warranty,500, 44,"GPS + Cellular model lets you call, text and get directions without your phone,Measure your blood oxygen with an all-new sensor and app,Check your heart rhythm with the ECG app,The Always-On Retina display is 2.5x brighter outdoors when your wrist is down,S6 SiP is up to 20% faster than Series 5,5GHz Wi-Fi and U1 Ultra Wideband chip,Track your daily activity on Apple Watch and see your trends in the Fitness app on iPhone,With Call Function,Touchscreen,Watchphone, Notifier, Fitness & Outdoor"
